<addon id="repository.1up" version="0.0.1" name="[COLOR orchid] 1UP [/COLOR]">

    <dir>
    <info compressed="false">https://raw.githubusercontent.com/a4k-    openproject/repository.openscrapers/master/zips/addons.xml</info>
    <checksum>https://raw.githubusercontent.com/a4k-openproject/repository.openscrapers/master/zips/addons.xml.md5</checksum>
    <datadir zip="true">https://raw.githubusercontent.com/a4k-openproject/repository.openscrapers/master/zips/</datadir>
    </dir>

    <!-- Addon Metadata -->
    <icon>icon.png</icon>
    <fanart>fanart.jpg</fanart>
    <summary lang="en">1UP is a team of individuals that does what it can do to provide others the best entertainment!</summary> 


    <!-- Set the addon language -->
    <language>English</language>

    <!-- Addon Settings -->
    <extension point="xbmc.addon.metadata">
        <platform>all</platform>
    </extension>

    <!-- User Interface -->
    <extension point="xbmc.gui" content="files">
        <include>resources/skins/Default/720p/MainMenu.xml</include>
    </extension>
    <assets>
        <icon>icon.png</icon>
        <fanart>fanart.jpg</fanart>
        <screenshot>resources/art/ss/1.png</screenshot>
        <screenshot>resources/art/ss/2.png</screenshot>
        <screenshot>resources/art/ss/3.png</screenshot>
    </assets>

</addon>
